case,seed,n_bins,fold,model,fit_hours,validation_hours,mean_nll
Synthetic seed 0,0.0,4,1,price_only,6132,2044,4.3349861310985665
Synthetic seed 0,0.0,4,1,hour_aware,6132,2044,4.276273455997703
Synthetic seed 0,0.0,4,2,price_only,8176,2044,4.431963449433213
Synthetic seed 0,0.0,4,2,hour_aware,8176,2044,4.388466554653181
Synthetic seed 0,0.0,4,3,price_only,10220,2044,4.298256426223498
Synthetic seed 0,0.0,4,3,hour_aware,10220,2044,4.22819877349326
Synthetic seed 0,0.0,6,1,price_only,6132,2044,4.226798039183209
Synthetic seed 0,0.0,6,1,hour_aware,6132,2044,4.187220406945189
Synthetic seed 0,0.0,6,2,price_only,8176,2044,4.293932070929082
Synthetic seed 0,0.0,6,2,hour_aware,8176,2044,4.250425517564582
Synthetic seed 0,0.0,6,3,price_only,10220,2044,4.159562548265716
Synthetic seed 0,0.0,6,3,hour_aware,10220,2044,4.088074236452002
Synthetic seed 0,0.0,8,1,price_only,6132,2044,4.144219399893359
Synthetic seed 0,0.0,8,1,hour_aware,6132,2044,4.115541312424685
Synthetic seed 0,0.0,8,2,price_only,8176,2044,4.209352078990247
Synthetic seed 0,0.0,8,2,hour_aware,8176,2044,4.1731347494549995
Synthetic seed 0,0.0,8,3,price_only,10220,2044,4.06109666362844
Synthetic seed 0,0.0,8,3,hour_aware,10220,2044,3.9862341920251287
Synthetic seed 0,0.0,10,1,price_only,6132,2044,4.093632250988973
Synthetic seed 0,0.0,10,1,hour_aware,6132,2044,4.088869357872036
Synthetic seed 0,0.0,10,2,price_only,8176,2044,4.135382426416229
Synthetic seed 0,0.0,10,2,hour_aware,8176,2044,4.1326792433796316
Synthetic seed 0,0.0,10,3,price_only,10220,2044,4.014370503762372
Synthetic seed 0,0.0,10,3,hour_aware,10220,2044,3.968415152186448
Synthetic seed 0,0.0,12,1,price_only,6132,2044,4.028480025824111
Synthetic seed 0,0.0,12,1,hour_aware,6132,2044,4.065860788019001
Synthetic seed 0,0.0,12,2,price_only,8176,2044,4.098924091275186
Synthetic seed 0,0.0,12,2,hour_aware,8176,2044,4.128587634961795
Synthetic seed 0,0.0,12,3,price_only,10220,2044,3.9732577671456935
Synthetic seed 0,0.0,12,3,hour_aware,10220,2044,3.9514671242910095
Synthetic seed 1,1.0,4,1,price_only,6132,2044,4.376569486576208
Synthetic seed 1,1.0,4,1,hour_aware,6132,2044,4.323606762424826
Synthetic seed 1,1.0,4,2,price_only,8176,2044,4.418864399858137
Synthetic seed 1,1.0,4,2,hour_aware,8176,2044,4.372038483652435
Synthetic seed 1,1.0,4,3,price_only,10220,2044,4.243547302596059
Synthetic seed 1,1.0,4,3,hour_aware,10220,2044,4.169876577711999
Synthetic seed 1,1.0,6,1,price_only,6132,2044,4.228462826028566
Synthetic seed 1,1.0,6,1,hour_aware,6132,2044,4.182807731606937
Synthetic seed 1,1.0,6,2,price_only,8176,2044,4.2832012273458995
Synthetic seed 1,1.0,6,2,hour_aware,8176,2044,4.240145244605923
Synthetic seed 1,1.0,6,3,price_only,10220,2044,4.097128894333749
Synthetic seed 1,1.0,6,3,hour_aware,10220,2044,4.01730473375842
Synthetic seed 1,1.0,8,1,price_only,6132,2044,4.12529883905905
Synthetic seed 1,1.0,8,1,hour_aware,6132,2044,4.096796510603743
Synthetic seed 1,1.0,8,2,price_only,8176,2044,4.2234478159558835
Synthetic seed 1,1.0,8,2,hour_aware,8176,2044,4.19355472352271
Synthetic seed 1,1.0,8,3,price_only,10220,2044,4.017023744292267
Synthetic seed 1,1.0,8,3,hour_aware,10220,2044,3.9329408012152673
Synthetic seed 1,1.0,10,1,price_only,6132,2044,4.065153599651004
Synthetic seed 1,1.0,10,1,hour_aware,6132,2044,4.067801092258305
Synthetic seed 1,1.0,10,2,price_only,8176,2044,4.1780583085897725
Synthetic seed 1,1.0,10,2,hour_aware,8176,2044,4.164268925527062
Synthetic seed 1,1.0,10,3,price_only,10220,2044,3.9681712984537283
Synthetic seed 1,1.0,10,3,hour_aware,10220,2044,3.8934249891801933
Synthetic seed 1,1.0,12,1,price_only,6132,2044,4.025123102545596
Synthetic seed 1,1.0,12,1,hour_aware,6132,2044,4.0468919609753
Synthetic seed 1,1.0,12,2,price_only,8176,2044,4.10323923453889
Synthetic seed 1,1.0,12,2,hour_aware,8176,2044,4.1336791658554155
Synthetic seed 1,1.0,12,3,price_only,10220,2044,3.9402930566038354
Synthetic seed 1,1.0,12,3,hour_aware,10220,2044,3.908070807473999
Synthetic seed 2,2.0,4,1,price_only,6132,2044,4.328348463802365
Synthetic seed 2,2.0,4,1,hour_aware,6132,2044,4.273703402789316
Synthetic seed 2,2.0,4,2,price_only,8176,2044,4.326691771857968
Synthetic seed 2,2.0,4,2,hour_aware,8176,2044,4.271322858910962
Synthetic seed 2,2.0,4,3,price_only,10220,2044,4.407098348265769
Synthetic seed 2,2.0,4,3,hour_aware,10220,2044,4.338164778759451
Synthetic seed 2,2.0,6,1,price_only,6132,2044,4.159060350554978
Synthetic seed 2,2.0,6,1,hour_aware,6132,2044,4.116366158106351
Synthetic seed 2,2.0,6,2,price_only,8176,2044,4.188301551181705
Synthetic seed 2,2.0,6,2,hour_aware,8176,2044,4.13701879034315
Synthetic seed 2,2.0,6,3,price_only,10220,2044,4.262347154071156
Synthetic seed 2,2.0,6,3,hour_aware,10220,2044,4.180397963299453
Synthetic seed 2,2.0,8,1,price_only,6132,2044,4.062684002267595
Synthetic seed 2,2.0,8,1,hour_aware,6132,2044,4.041610702510727
Synthetic seed 2,2.0,8,2,price_only,8176,2044,4.074973348949844
Synthetic seed 2,2.0,8,2,hour_aware,8176,2044,4.052898530888961
Synthetic seed 2,2.0,8,3,price_only,10220,2044,4.162608415125067
Synthetic seed 2,2.0,8,3,hour_aware,10220,2044,4.097788120007539
Synthetic seed 2,2.0,10,1,price_only,6132,2044,4.016000565045123
Synthetic seed 2,2.0,10,1,hour_aware,6132,2044,4.01181472724838
Synthetic seed 2,2.0,10,2,price_only,8176,2044,4.029957606745529
Synthetic seed 2,2.0,10,2,hour_aware,8176,2044,4.032961581048413
Synthetic seed 2,2.0,10,3,price_only,10220,2044,4.09575390532873
Synthetic seed 2,2.0,10,3,hour_aware,10220,2044,4.033611236927068
Synthetic seed 2,2.0,12,1,price_only,6132,2044,3.962504786988407
Synthetic seed 2,2.0,12,1,hour_aware,6132,2044,3.984203130644943
Synthetic seed 2,2.0,12,2,price_only,8176,2044,3.9669205853599454
Synthetic seed 2,2.0,12,2,hour_aware,8176,2044,3.9945726567289666
Synthetic seed 2,2.0,12,3,price_only,10220,2044,4.027079682575662
Synthetic seed 2,2.0,12,3,hour_aware,10220,2044,3.984066468254396
Synthetic seed 3,3.0,4,1,price_only,6132,2044,4.308545689635966
Synthetic seed 3,3.0,4,1,hour_aware,6132,2044,4.245924765077424
Synthetic seed 3,3.0,4,2,price_only,8176,2044,4.484217362836611
Synthetic seed 3,3.0,4,2,hour_aware,8176,2044,4.422037024789634
Synthetic seed 3,3.0,4,3,price_only,10220,2044,4.2427401075510796
Synthetic seed 3,3.0,4,3,hour_aware,10220,2044,4.179012817143562
Synthetic seed 3,3.0,6,1,price_only,6132,2044,4.1846897049631675
Synthetic seed 3,3.0,6,1,hour_aware,6132,2044,4.122202241988716
Synthetic seed 3,3.0,6,2,price_only,8176,2044,4.31814217658996
Synthetic seed 3,3.0,6,2,hour_aware,8176,2044,4.25160926975022
Synthetic seed 3,3.0,6,3,price_only,10220,2044,4.094321752975124
Synthetic seed 3,3.0,6,3,hour_aware,10220,2044,4.028883945976161
Synthetic seed 3,3.0,8,1,price_only,6132,2044,4.10097502297612
Synthetic seed 3,3.0,8,1,hour_aware,6132,2044,4.056499292505206
Synthetic seed 3,3.0,8,2,price_only,8176,2044,4.221345481162106
Synthetic seed 3,3.0,8,2,hour_aware,8176,2044,4.161957480018724
Synthetic seed 3,3.0,8,3,price_only,10220,2044,4.027465667322633
Synthetic seed 3,3.0,8,3,hour_aware,10220,2044,3.968552200339695
Synthetic seed 3,3.0,10,1,price_only,6132,2044,4.04168192655713
Synthetic seed 3,3.0,10,1,hour_aware,6132,2044,4.026996559601454
Synthetic seed 3,3.0,10,2,price_only,8176,2044,4.1381972649856165
Synthetic seed 3,3.0,10,2,hour_aware,8176,2044,4.083867790398031
Synthetic seed 3,3.0,10,3,price_only,10220,2044,3.947663954240122
Synthetic seed 3,3.0,10,3,hour_aware,10220,2044,3.9043782315639506
Synthetic seed 3,3.0,12,1,price_only,6132,2044,3.9871684854114315
Synthetic seed 3,3.0,12,1,hour_aware,6132,2044,3.9858951660310398
Synthetic seed 3,3.0,12,2,price_only,8176,2044,4.083599577221215
Synthetic seed 3,3.0,12,2,hour_aware,8176,2044,4.063068346383517
Synthetic seed 3,3.0,12,3,price_only,10220,2044,3.918247404576637
Synthetic seed 3,3.0,12,3,hour_aware,10220,2044,3.900954011783708
Synthetic seed 4,4.0,4,1,price_only,6132,2044,4.372227895591704
Synthetic seed 4,4.0,4,1,hour_aware,6132,2044,4.309476973596649
Synthetic seed 4,4.0,4,2,price_only,8176,2044,4.4061880267914955
Synthetic seed 4,4.0,4,2,hour_aware,8176,2044,4.36410491081969
Synthetic seed 4,4.0,4,3,price_only,10220,2044,4.249750342684549
Synthetic seed 4,4.0,4,3,hour_aware,10220,2044,4.185032647137693
Synthetic seed 4,4.0,6,1,price_only,6132,2044,4.206906520284347
Synthetic seed 4,4.0,6,1,hour_aware,6132,2044,4.156365202371414
Synthetic seed 4,4.0,6,2,price_only,8176,2044,4.278056409634992
Synthetic seed 4,4.0,6,2,hour_aware,8176,2044,4.228870910248936
Synthetic seed 4,4.0,6,3,price_only,10220,2044,4.112182227182001
Synthetic seed 4,4.0,6,3,hour_aware,10220,2044,4.044612697474553
Synthetic seed 4,4.0,8,1,price_only,6132,2044,4.139644667966122
Synthetic seed 4,4.0,8,1,hour_aware,6132,2044,4.109529376274953
Synthetic seed 4,4.0,8,2,price_only,8176,2044,4.205865275122349
Synthetic seed 4,4.0,8,2,hour_aware,8176,2044,4.17595304095913
Synthetic seed 4,4.0,8,3,price_only,10220,2044,4.025359446827282
Synthetic seed 4,4.0,8,3,hour_aware,10220,2044,3.971630216810314
Synthetic seed 4,4.0,10,1,price_only,6132,2044,4.094197285927877
Synthetic seed 4,4.0,10,1,hour_aware,6132,2044,4.092379208861327
Synthetic seed 4,4.0,10,2,price_only,8176,2044,4.144554500203331
Synthetic seed 4,4.0,10,2,hour_aware,8176,2044,4.140320425964749
Synthetic seed 4,4.0,10,3,price_only,10220,2044,3.967856001568459
Synthetic seed 4,4.0,10,3,hour_aware,10220,2044,3.924398305468512
Synthetic seed 4,4.0,12,1,price_only,6132,2044,4.031298658266145
Synthetic seed 4,4.0,12,1,hour_aware,6132,2044,4.051472005972992
Synthetic seed 4,4.0,12,2,price_only,8176,2044,4.087399808639557
Synthetic seed 4,4.0,12,2,hour_aware,8176,2044,4.096868977504897
Synthetic seed 4,4.0,12,3,price_only,10220,2044,3.92693246100579
Synthetic seed 4,4.0,12,3,hour_aware,10220,2044,3.9065438106839645
Synthetic seed 5,5.0,4,1,price_only,6132,2044,4.41027086039739
Synthetic seed 5,5.0,4,1,hour_aware,6132,2044,4.363292205879562
Synthetic seed 5,5.0,4,2,price_only,8176,2044,4.43059488213309
Synthetic seed 5,5.0,4,2,hour_aware,8176,2044,4.38385841384481
Synthetic seed 5,5.0,4,3,price_only,10220,2044,4.196407553766378
Synthetic seed 5,5.0,4,3,hour_aware,10220,2044,4.1203479037960085
Synthetic seed 5,5.0,6,1,price_only,6132,2044,4.266040439432036
Synthetic seed 5,5.0,6,1,hour_aware,6132,2044,4.217374951889482
Synthetic seed 5,5.0,6,2,price_only,8176,2044,4.286009345948313
Synthetic seed 5,5.0,6,2,hour_aware,8176,2044,4.247597043506956
Synthetic seed 5,5.0,6,3,price_only,10220,2044,4.074229059382122
Synthetic seed 5,5.0,6,3,hour_aware,10220,2044,3.996828188902671
Synthetic seed 5,5.0,8,1,price_only,6132,2044,4.158459707302587
Synthetic seed 5,5.0,8,1,hour_aware,6132,2044,4.134792709956557
Synthetic seed 5,5.0,8,2,price_only,8176,2044,4.169550003171472
Synthetic seed 5,5.0,8,2,hour_aware,8176,2044,4.13445887212693
Synthetic seed 5,5.0,8,3,price_only,10220,2044,3.9829656776273183
Synthetic seed 5,5.0,8,3,hour_aware,10220,2044,3.9088992556554243
Synthetic seed 5,5.0,10,1,price_only,6132,2044,4.113736162245596
Synthetic seed 5,5.0,10,1,hour_aware,6132,2044,4.094526711846214
Synthetic seed 5,5.0,10,2,price_only,8176,2044,4.104782994502656
Synthetic seed 5,5.0,10,2,hour_aware,8176,2044,4.096860123078145
Synthetic seed 5,5.0,10,3,price_only,10220,2044,3.9111672902741677
Synthetic seed 5,5.0,10,3,hour_aware,10220,2044,3.855800713704322
Synthetic seed 5,5.0,12,1,price_only,6132,2044,4.078257710491849
Synthetic seed 5,5.0,12,1,hour_aware,6132,2044,4.1110965494979155
Synthetic seed 5,5.0,12,2,price_only,8176,2044,4.022275931471076
Synthetic seed 5,5.0,12,2,hour_aware,8176,2044,4.036241164977993
Synthetic seed 5,5.0,12,3,price_only,10220,2044,3.883678773298059
Synthetic seed 5,5.0,12,3,hour_aware,10220,2044,3.8578615819997477
Synthetic seed 6,6.0,4,1,price_only,6132,2044,4.361542232703675
Synthetic seed 6,6.0,4,1,hour_aware,6132,2044,4.3034978939521915
Synthetic seed 6,6.0,4,2,price_only,8176,2044,4.45938247752482
Synthetic seed 6,6.0,4,2,hour_aware,8176,2044,4.420422625178493
Synthetic seed 6,6.0,4,3,price_only,10220,2044,4.343377190060511
Synthetic seed 6,6.0,4,3,hour_aware,10220,2044,4.287085433427378
Synthetic seed 6,6.0,6,1,price_only,6132,2044,4.163822340169917
Synthetic seed 6,6.0,6,1,hour_aware,6132,2044,4.095479860902995
Synthetic seed 6,6.0,6,2,price_only,8176,2044,4.269611602811771
Synthetic seed 6,6.0,6,2,hour_aware,8176,2044,4.223951859387155
Synthetic seed 6,6.0,6,3,price_only,10220,2044,4.166969450726263
Synthetic seed 6,6.0,6,3,hour_aware,10220,2044,4.11053204195337
Synthetic seed 6,6.0,8,1,price_only,6132,2044,4.065989585183501
Synthetic seed 6,6.0,8,1,hour_aware,6132,2044,4.016106251822751
Synthetic seed 6,6.0,8,2,price_only,8176,2044,4.177715462347393
Synthetic seed 6,6.0,8,2,hour_aware,8176,2044,4.160530942069877
Synthetic seed 6,6.0,8,3,price_only,10220,2044,4.083444249890841
Synthetic seed 6,6.0,8,3,hour_aware,10220,2044,4.036532515279957
Synthetic seed 6,6.0,10,1,price_only,6132,2044,4.013886460784318
Synthetic seed 6,6.0,10,1,hour_aware,6132,2044,3.97173463635335
Synthetic seed 6,6.0,10,2,price_only,8176,2044,4.093506551620826
Synthetic seed 6,6.0,10,2,hour_aware,8176,2044,4.083636513449056
Synthetic seed 6,6.0,10,3,price_only,10220,2044,4.03420331717994
Synthetic seed 6,6.0,10,3,hour_aware,10220,2044,3.9935574518195494
Synthetic seed 6,6.0,12,1,price_only,6132,2044,3.953990161018005
Synthetic seed 6,6.0,12,1,hour_aware,6132,2044,3.939189808663754
Synthetic seed 6,6.0,12,2,price_only,8176,2044,4.032633565919987
Synthetic seed 6,6.0,12,2,hour_aware,8176,2044,4.052180881647971
Synthetic seed 6,6.0,12,3,price_only,10220,2044,3.988696870040974
Synthetic seed 6,6.0,12,3,hour_aware,10220,2044,3.990386990517604
Synthetic seed 7,7.0,4,1,price_only,6132,2044,4.326377722134934
Synthetic seed 7,7.0,4,1,hour_aware,6132,2044,4.274426315475216
Synthetic seed 7,7.0,4,2,price_only,8176,2044,4.407674877373715
Synthetic seed 7,7.0,4,2,hour_aware,8176,2044,4.357433648601044
Synthetic seed 7,7.0,4,3,price_only,10220,2044,4.332901787357653
Synthetic seed 7,7.0,4,3,hour_aware,10220,2044,4.271543207487562
Synthetic seed 7,7.0,6,1,price_only,6132,2044,4.20074016793338
Synthetic seed 7,7.0,6,1,hour_aware,6132,2044,4.153953813933564
Synthetic seed 7,7.0,6,2,price_only,8176,2044,4.2844542095315825
Synthetic seed 7,7.0,6,2,hour_aware,8176,2044,4.221463753908635
Synthetic seed 7,7.0,6,3,price_only,10220,2044,4.183230178101504
Synthetic seed 7,7.0,6,3,hour_aware,10220,2044,4.120815357831071
Synthetic seed 7,7.0,8,1,price_only,6132,2044,4.115613289719514
Synthetic seed 7,7.0,8,1,hour_aware,6132,2044,4.090518335599673
Synthetic seed 7,7.0,8,2,price_only,8176,2044,4.208376526126037
Synthetic seed 7,7.0,8,2,hour_aware,8176,2044,4.181080091361635
Synthetic seed 7,7.0,8,3,price_only,10220,2044,4.0741753504768825
Synthetic seed 7,7.0,8,3,hour_aware,10220,2044,4.018273415898061
Synthetic seed 7,7.0,10,1,price_only,6132,2044,4.085042828711824
Synthetic seed 7,7.0,10,1,hour_aware,6132,2044,4.09385603649662
Synthetic seed 7,7.0,10,2,price_only,8176,2044,4.130568409750697
Synthetic seed 7,7.0,10,2,hour_aware,8176,2044,4.112598787383419
Synthetic seed 7,7.0,10,3,price_only,10220,2044,4.026690240282068
Synthetic seed 7,7.0,10,3,hour_aware,10220,2044,3.994090478389172
Synthetic seed 7,7.0,12,1,price_only,6132,2044,4.031537836704358
Synthetic seed 7,7.0,12,1,hour_aware,6132,2044,4.073368696557623
Synthetic seed 7,7.0,12,2,price_only,8176,2044,4.073122789059575
Synthetic seed 7,7.0,12,2,hour_aware,8176,2044,4.076215134213717
Synthetic seed 7,7.0,12,3,price_only,10220,2044,4.010009051997975
Synthetic seed 7,7.0,12,3,hour_aware,10220,2044,4.01709566560863
Synthetic seed 8,8.0,4,1,price_only,6132,2044,4.38844993390812
Synthetic seed 8,8.0,4,1,hour_aware,6132,2044,4.3264390857311
Synthetic seed 8,8.0,4,2,price_only,8176,2044,4.407319394661522
Synthetic seed 8,8.0,4,2,hour_aware,8176,2044,4.36306271293322
Synthetic seed 8,8.0,4,3,price_only,10220,2044,4.319280915198456
Synthetic seed 8,8.0,4,3,hour_aware,10220,2044,4.255281094850854
Synthetic seed 8,8.0,6,1,price_only,6132,2044,4.22471139245742
Synthetic seed 8,8.0,6,1,hour_aware,6132,2044,4.162758446541579
Synthetic seed 8,8.0,6,2,price_only,8176,2044,4.249699701168867
Synthetic seed 8,8.0,6,2,hour_aware,8176,2044,4.204704121248981
Synthetic seed 8,8.0,6,3,price_only,10220,2044,4.187914906483139
Synthetic seed 8,8.0,6,3,hour_aware,10220,2044,4.120142434063842
Synthetic seed 8,8.0,8,1,price_only,6132,2044,4.10415357009486
Synthetic seed 8,8.0,8,1,hour_aware,6132,2044,4.047639552267295
Synthetic seed 8,8.0,8,2,price_only,8176,2044,4.149929987602265
Synthetic seed 8,8.0,8,2,hour_aware,8176,2044,4.120406602737016
Synthetic seed 8,8.0,8,3,price_only,10220,2044,4.097755527179645
Synthetic seed 8,8.0,8,3,hour_aware,10220,2044,4.029653022555763
Synthetic seed 8,8.0,10,1,price_only,6132,2044,4.042256883556119
Synthetic seed 8,8.0,10,1,hour_aware,6132,2044,4.010390948796556
Synthetic seed 8,8.0,10,2,price_only,8176,2044,4.0923564103390495
Synthetic seed 8,8.0,10,2,hour_aware,8176,2044,4.087949287927028
Synthetic seed 8,8.0,10,3,price_only,10220,2044,4.041282227505366
Synthetic seed 8,8.0,10,3,hour_aware,10220,2044,3.980471151385275
Synthetic seed 8,8.0,12,1,price_only,6132,2044,3.968649166785863
Synthetic seed 8,8.0,12,1,hour_aware,6132,2044,3.9771092638371885
Synthetic seed 8,8.0,12,2,price_only,8176,2044,4.050461530870336
Synthetic seed 8,8.0,12,2,hour_aware,8176,2044,4.081172263075362
Synthetic seed 8,8.0,12,3,price_only,10220,2044,3.972180096689254
Synthetic seed 8,8.0,12,3,hour_aware,10220,2044,3.9191877587639983
Synthetic seed 9,9.0,4,1,price_only,6132,2044,4.3100887530024625
Synthetic seed 9,9.0,4,1,hour_aware,6132,2044,4.250404738726413
Synthetic seed 9,9.0,4,2,price_only,8176,2044,4.436394772308146
Synthetic seed 9,9.0,4,2,hour_aware,8176,2044,4.394289806248067
Synthetic seed 9,9.0,4,3,price_only,10220,2044,4.28160632524856
Synthetic seed 9,9.0,4,3,hour_aware,10220,2044,4.211238878999123
Synthetic seed 9,9.0,6,1,price_only,6132,2044,4.165214430815447
Synthetic seed 9,9.0,6,1,hour_aware,6132,2044,4.10174987441746
Synthetic seed 9,9.0,6,2,price_only,8176,2044,4.290091693911484
Synthetic seed 9,9.0,6,2,hour_aware,8176,2044,4.24998982533781
Synthetic seed 9,9.0,6,3,price_only,10220,2044,4.154599813244995
Synthetic seed 9,9.0,6,3,hour_aware,10220,2044,4.076911110322657
Synthetic seed 9,9.0,8,1,price_only,6132,2044,4.078107387749597
Synthetic seed 9,9.0,8,1,hour_aware,6132,2044,4.031553335335492
Synthetic seed 9,9.0,8,2,price_only,8176,2044,4.219803571278925
Synthetic seed 9,9.0,8,2,hour_aware,8176,2044,4.180966557308258
Synthetic seed 9,9.0,8,3,price_only,10220,2044,4.067592081191208
Synthetic seed 9,9.0,8,3,hour_aware,10220,2044,3.9969992533969148
Synthetic seed 9,9.0,10,1,price_only,6132,2044,4.0390926595282135
Synthetic seed 9,9.0,10,1,hour_aware,6132,2044,4.021473868831392
Synthetic seed 9,9.0,10,2,price_only,8176,2044,4.164234406294219
Synthetic seed 9,9.0,10,2,hour_aware,8176,2044,4.158820266422504
Synthetic seed 9,9.0,10,3,price_only,10220,2044,4.027319952581536
Synthetic seed 9,9.0,10,3,hour_aware,10220,2044,3.9702744073257246
Synthetic seed 9,9.0,12,1,price_only,6132,2044,3.9782494267749016
Synthetic seed 9,9.0,12,1,hour_aware,6132,2044,4.004628187908942
Synthetic seed 9,9.0,12,2,price_only,8176,2044,4.13572949003822
Synthetic seed 9,9.0,12,2,hour_aware,8176,2044,4.165732480453567
Synthetic seed 9,9.0,12,3,price_only,10220,2044,3.9883374600150856
Synthetic seed 9,9.0,12,3,hour_aware,10220,2044,3.9514649316475148
Synthetic seed 10,10.0,4,1,price_only,6132,2044,4.333104220303486
Synthetic seed 10,10.0,4,1,hour_aware,6132,2044,4.271837455600359
Synthetic seed 10,10.0,4,2,price_only,8176,2044,4.4240110727796615
Synthetic seed 10,10.0,4,2,hour_aware,8176,2044,4.371857752089312
Synthetic seed 10,10.0,4,3,price_only,10220,2044,4.3529716662491955
Synthetic seed 10,10.0,4,3,hour_aware,10220,2044,4.28047573456699
Synthetic seed 10,10.0,6,1,price_only,6132,2044,4.195345881791498
Synthetic seed 10,10.0,6,1,hour_aware,6132,2044,4.136311164434311
Synthetic seed 10,10.0,6,2,price_only,8176,2044,4.279478961136549
Synthetic seed 10,10.0,6,2,hour_aware,8176,2044,4.231717467406175
Synthetic seed 10,10.0,6,3,price_only,10220,2044,4.200274131331234
Synthetic seed 10,10.0,6,3,hour_aware,10220,2044,4.125225334878787
Synthetic seed 10,10.0,8,1,price_only,6132,2044,4.087798630585855
Synthetic seed 10,10.0,8,1,hour_aware,6132,2044,4.042878866347725
Synthetic seed 10,10.0,8,2,price_only,8176,2044,4.202840533294676
Synthetic seed 10,10.0,8,2,hour_aware,8176,2044,4.170726308720256
Synthetic seed 10,10.0,8,3,price_only,10220,2044,4.106636021907834
Synthetic seed 10,10.0,8,3,hour_aware,10220,2044,4.032829723466284
Synthetic seed 10,10.0,10,1,price_only,6132,2044,4.0098205790448365
Synthetic seed 10,10.0,10,1,hour_aware,6132,2044,3.9764452442292146
Synthetic seed 10,10.0,10,2,price_only,8176,2044,4.149003471565088
Synthetic seed 10,10.0,10,2,hour_aware,8176,2044,4.1234545310657165
Synthetic seed 10,10.0,10,3,price_only,10220,2044,4.034835981277795
Synthetic seed 10,10.0,10,3,hour_aware,10220,2044,3.979902527022062
Synthetic seed 10,10.0,12,1,price_only,6132,2044,3.9575088313275155
Synthetic seed 10,10.0,12,1,hour_aware,6132,2044,3.9653443263317154
Synthetic seed 10,10.0,12,2,price_only,8176,2044,4.065271515614172
Synthetic seed 10,10.0,12,2,hour_aware,8176,2044,4.083962286754728
Synthetic seed 10,10.0,12,3,price_only,10220,2044,3.999739824427073
Synthetic seed 10,10.0,12,3,hour_aware,10220,2044,3.949833368059483
Synthetic seed 11,11.0,4,1,price_only,6132,2044,4.446916542250636
Synthetic seed 11,11.0,4,1,hour_aware,6132,2044,4.387100819493786
Synthetic seed 11,11.0,4,2,price_only,8176,2044,4.387727150719814
Synthetic seed 11,11.0,4,2,hour_aware,8176,2044,4.322549211059106
Synthetic seed 11,11.0,4,3,price_only,10220,2044,4.326912738845083
Synthetic seed 11,11.0,4,3,hour_aware,10220,2044,4.2621652832439185
Synthetic seed 11,11.0,6,1,price_only,6132,2044,4.267932658082137
Synthetic seed 11,11.0,6,1,hour_aware,6132,2044,4.209456333987285
Synthetic seed 11,11.0,6,2,price_only,8176,2044,4.258512032191522
Synthetic seed 11,11.0,6,2,hour_aware,8176,2044,4.186244818245519
Synthetic seed 11,11.0,6,3,price_only,10220,2044,4.167573466019393
Synthetic seed 11,11.0,6,3,hour_aware,10220,2044,4.090014265737795
Synthetic seed 11,11.0,8,1,price_only,6132,2044,4.180419822046336
Synthetic seed 11,11.0,8,1,hour_aware,6132,2044,4.12472150123627
Synthetic seed 11,11.0,8,2,price_only,8176,2044,4.1361787146203
Synthetic seed 11,11.0,8,2,hour_aware,8176,2044,4.079137648527413
Synthetic seed 11,11.0,8,3,price_only,10220,2044,4.074674341184369
Synthetic seed 11,11.0,8,3,hour_aware,10220,2044,4.001362855632215
Synthetic seed 11,11.0,10,1,price_only,6132,2044,4.100312359509874
Synthetic seed 11,11.0,10,1,hour_aware,6132,2044,4.0772007674415764
Synthetic seed 11,11.0,10,2,price_only,8176,2044,4.066276186451356
Synthetic seed 11,11.0,10,2,hour_aware,8176,2044,4.040318225882043
Synthetic seed 11,11.0,10,3,price_only,10220,2044,4.006645156842194
Synthetic seed 11,11.0,10,3,hour_aware,10220,2044,3.949439644270932
Synthetic seed 11,11.0,12,1,price_only,6132,2044,4.0619972697317275
Synthetic seed 11,11.0,12,1,hour_aware,6132,2044,4.074042027575782
Synthetic seed 11,11.0,12,2,price_only,8176,2044,4.0308795437889735
Synthetic seed 11,11.0,12,2,hour_aware,8176,2044,4.010028117960742
Synthetic seed 11,11.0,12,3,price_only,10220,2044,3.9739732614054395
Synthetic seed 11,11.0,12,3,hour_aware,10220,2044,3.942473976566532
Synthetic seed 12,12.0,4,1,price_only,6132,2044,4.402424382772282
Synthetic seed 12,12.0,4,1,hour_aware,6132,2044,4.354448334724541
Synthetic seed 12,12.0,4,2,price_only,8176,2044,4.44263472761797
Synthetic seed 12,12.0,4,2,hour_aware,8176,2044,4.3974272019975045
Synthetic seed 12,12.0,4,3,price_only,10220,2044,4.375599441575939
Synthetic seed 12,12.0,4,3,hour_aware,10220,2044,4.313209579221462
Synthetic seed 12,12.0,6,1,price_only,6132,2044,4.222327566075172
Synthetic seed 12,12.0,6,1,hour_aware,6132,2044,4.181163895765222
Synthetic seed 12,12.0,6,2,price_only,8176,2044,4.264980029218753
Synthetic seed 12,12.0,6,2,hour_aware,8176,2044,4.228890430274239
Synthetic seed 12,12.0,6,3,price_only,10220,2044,4.219075938535645
Synthetic seed 12,12.0,6,3,hour_aware,10220,2044,4.152059161037324
Synthetic seed 12,12.0,8,1,price_only,6132,2044,4.137921928306896
Synthetic seed 12,12.0,8,1,hour_aware,6132,2044,4.118038743835578
Synthetic seed 12,12.0,8,2,price_only,8176,2044,4.149058386974773
Synthetic seed 12,12.0,8,2,hour_aware,8176,2044,4.120892945877914
Synthetic seed 12,12.0,8,3,price_only,10220,2044,4.145110456878352
Synthetic seed 12,12.0,8,3,hour_aware,10220,2044,4.081987637171295
Synthetic seed 12,12.0,10,1,price_only,6132,2044,4.062226802227627
Synthetic seed 12,12.0,10,1,hour_aware,6132,2044,4.062794525266442
Synthetic seed 12,12.0,10,2,price_only,8176,2044,4.097161514153151
Synthetic seed 12,12.0,10,2,hour_aware,8176,2044,4.068353942885176
Synthetic seed 12,12.0,10,3,price_only,10220,2044,4.088038023064729
Synthetic seed 12,12.0,10,3,hour_aware,10220,2044,4.041669872828299
Synthetic seed 12,12.0,12,1,price_only,6132,2044,4.0002399457445295
Synthetic seed 12,12.0,12,1,hour_aware,6132,2044,4.027948864519289
Synthetic seed 12,12.0,12,2,price_only,8176,2044,4.046186595211245
Synthetic seed 12,12.0,12,2,hour_aware,8176,2044,4.055045936052691
Synthetic seed 12,12.0,12,3,price_only,10220,2044,4.04198681462643
Synthetic seed 12,12.0,12,3,hour_aware,10220,2044,4.0127280678661625
Synthetic seed 13,13.0,4,1,price_only,6132,2044,4.35711396601602
Synthetic seed 13,13.0,4,1,hour_aware,6132,2044,4.3069707866964535
Synthetic seed 13,13.0,4,2,price_only,8176,2044,4.358160699369406
Synthetic seed 13,13.0,4,2,hour_aware,8176,2044,4.31055250952588
Synthetic seed 13,13.0,4,3,price_only,10220,2044,4.316115713020682
Synthetic seed 13,13.0,4,3,hour_aware,10220,2044,4.255914809231848
Synthetic seed 13,13.0,6,1,price_only,6132,2044,4.1867509228152135
Synthetic seed 13,13.0,6,1,hour_aware,6132,2044,4.149303780661064
Synthetic seed 13,13.0,6,2,price_only,8176,2044,4.2292904562325315
Synthetic seed 13,13.0,6,2,hour_aware,8176,2044,4.191669406185854
Synthetic seed 13,13.0,6,3,price_only,10220,2044,4.156345888312732
Synthetic seed 13,13.0,6,3,hour_aware,10220,2044,4.085212270939889
Synthetic seed 13,13.0,8,1,price_only,6132,2044,4.0720424947792635
Synthetic seed 13,13.0,8,1,hour_aware,6132,2044,4.049011457747308
Synthetic seed 13,13.0,8,2,price_only,8176,2044,4.104588215807669
Synthetic seed 13,13.0,8,2,hour_aware,8176,2044,4.0834119514708505
Synthetic seed 13,13.0,8,3,price_only,10220,2044,4.077700824735991
Synthetic seed 13,13.0,8,3,hour_aware,10220,2044,4.018905892024507
Synthetic seed 13,13.0,10,1,price_only,6132,2044,3.98513110627917
Synthetic seed 13,13.0,10,1,hour_aware,6132,2044,3.978447274437872
Synthetic seed 13,13.0,10,2,price_only,8176,2044,4.065947222357139
Synthetic seed 13,13.0,10,2,hour_aware,8176,2044,4.068128944680605
Synthetic seed 13,13.0,10,3,price_only,10220,2044,4.052356014956539
Synthetic seed 13,13.0,10,3,hour_aware,10220,2044,4.0145306340264835
Synthetic seed 13,13.0,12,1,price_only,6132,2044,3.9448787273039714
Synthetic seed 13,13.0,12,1,hour_aware,6132,2044,3.9905843160609713
Synthetic seed 13,13.0,12,2,price_only,8176,2044,4.007547254773548
Synthetic seed 13,13.0,12,2,hour_aware,8176,2044,4.031438469306724
Synthetic seed 13,13.0,12,3,price_only,10220,2044,3.9986786402299503
Synthetic seed 13,13.0,12,3,hour_aware,10220,2044,3.975002036999547
Synthetic seed 14,14.0,4,1,price_only,6132,2044,4.4466609346806605
Synthetic seed 14,14.0,4,1,hour_aware,6132,2044,4.3860631412514905
Synthetic seed 14,14.0,4,2,price_only,8176,2044,4.382172740630036
Synthetic seed 14,14.0,4,2,hour_aware,8176,2044,4.3308676395713785
Synthetic seed 14,14.0,4,3,price_only,10220,2044,4.3086399013178776
Synthetic seed 14,14.0,4,3,hour_aware,10220,2044,4.237476717767864
Synthetic seed 14,14.0,6,1,price_only,6132,2044,4.240064133174413
Synthetic seed 14,14.0,6,1,hour_aware,6132,2044,4.17979527941976
Synthetic seed 14,14.0,6,2,price_only,8176,2044,4.2710234273960435
Synthetic seed 14,14.0,6,2,hour_aware,8176,2044,4.227430151664384
Synthetic seed 14,14.0,6,3,price_only,10220,2044,4.1623292963291485
Synthetic seed 14,14.0,6,3,hour_aware,10220,2044,4.088737058096551
Synthetic seed 14,14.0,8,1,price_only,6132,2044,4.172464911684102
Synthetic seed 14,14.0,8,1,hour_aware,6132,2044,4.132352215474321
Synthetic seed 14,14.0,8,2,price_only,8176,2044,4.187123644211296
Synthetic seed 14,14.0,8,2,hour_aware,8176,2044,4.163964114811374
Synthetic seed 14,14.0,8,3,price_only,10220,2044,4.105122980681374
Synthetic seed 14,14.0,8,3,hour_aware,10220,2044,4.037134801079011
Synthetic seed 14,14.0,10,1,price_only,6132,2044,4.1137105127801705
Synthetic seed 14,14.0,10,1,hour_aware,6132,2044,4.093098334458074
Synthetic seed 14,14.0,10,2,price_only,8176,2044,4.137811771693724
Synthetic seed 14,14.0,10,2,hour_aware,8176,2044,4.149087926340792
Synthetic seed 14,14.0,10,3,price_only,10220,2044,4.068597067877288
Synthetic seed 14,14.0,10,3,hour_aware,10220,2044,4.013579154403892
Synthetic seed 14,14.0,12,1,price_only,6132,2044,4.045800137665424
Synthetic seed 14,14.0,12,1,hour_aware,6132,2044,4.059403325534957
Synthetic seed 14,14.0,12,2,price_only,8176,2044,4.097753106468736
Synthetic seed 14,14.0,12,2,hour_aware,8176,2044,4.136683488167429
Synthetic seed 14,14.0,12,3,price_only,10220,2044,4.006425851358717
Synthetic seed 14,14.0,12,3,hour_aware,10220,2044,3.961730968553352
Synthetic seed 15,15.0,4,1,price_only,6132,2044,4.462938518359234
Synthetic seed 15,15.0,4,1,hour_aware,6132,2044,4.41086312677221
Synthetic seed 15,15.0,4,2,price_only,8176,2044,4.356411907288851
Synthetic seed 15,15.0,4,2,hour_aware,8176,2044,4.315649452119969
Synthetic seed 15,15.0,4,3,price_only,10220,2044,4.34628720313426
Synthetic seed 15,15.0,4,3,hour_aware,10220,2044,4.286562487201192
Synthetic seed 15,15.0,6,1,price_only,6132,2044,4.28798337563368
Synthetic seed 15,15.0,6,1,hour_aware,6132,2044,4.242030650220479
Synthetic seed 15,15.0,6,2,price_only,8176,2044,4.233090764287871
Synthetic seed 15,15.0,6,2,hour_aware,8176,2044,4.191648358444561
Synthetic seed 15,15.0,6,3,price_only,10220,2044,4.186708540296732
Synthetic seed 15,15.0,6,3,hour_aware,10220,2044,4.113995378256816
Synthetic seed 15,15.0,8,1,price_only,6132,2044,4.18729888668395
Synthetic seed 15,15.0,8,1,hour_aware,6132,2044,4.14884627117054
Synthetic seed 15,15.0,8,2,price_only,8176,2044,4.138411517649274
Synthetic seed 15,15.0,8,2,hour_aware,8176,2044,4.12213011951892
Synthetic seed 15,15.0,8,3,price_only,10220,2044,4.0915106825639365
Synthetic seed 15,15.0,8,3,hour_aware,10220,2044,4.026183745010971
Synthetic seed 15,15.0,10,1,price_only,6132,2044,4.1149950061557385
Synthetic seed 15,15.0,10,1,hour_aware,6132,2044,4.11141375985674
Synthetic seed 15,15.0,10,2,price_only,8176,2044,4.068926837369973
Synthetic seed 15,15.0,10,2,hour_aware,8176,2044,4.070754782568007
Synthetic seed 15,15.0,10,3,price_only,10220,2044,4.043927807513357
Synthetic seed 15,15.0,10,3,hour_aware,10220,2044,3.9750345771877873
Synthetic seed 15,15.0,12,1,price_only,6132,2044,4.08386217971251
Synthetic seed 15,15.0,12,1,hour_aware,6132,2044,4.117550016777202
Synthetic seed 15,15.0,12,2,price_only,8176,2044,4.012922652516123
Synthetic seed 15,15.0,12,2,hour_aware,8176,2044,4.0291213069686815
Synthetic seed 15,15.0,12,3,price_only,10220,2044,3.991125228320727
Synthetic seed 15,15.0,12,3,hour_aware,10220,2044,3.9545899301395155
Synthetic seed 16,16.0,4,1,price_only,6132,2044,4.386237752494386
Synthetic seed 16,16.0,4,1,hour_aware,6132,2044,4.339536907241318
Synthetic seed 16,16.0,4,2,price_only,8176,2044,4.469294653261805
Synthetic seed 16,16.0,4,2,hour_aware,8176,2044,4.4085240714619784
Synthetic seed 16,16.0,4,3,price_only,10220,2044,4.367022833857181
Synthetic seed 16,16.0,4,3,hour_aware,10220,2044,4.296216846639
Synthetic seed 16,16.0,6,1,price_only,6132,2044,4.211157280399733
Synthetic seed 16,16.0,6,1,hour_aware,6132,2044,4.170305131087554
Synthetic seed 16,16.0,6,2,price_only,8176,2044,4.320201213380957
Synthetic seed 16,16.0,6,2,hour_aware,8176,2044,4.250508698804348
Synthetic seed 16,16.0,6,3,price_only,10220,2044,4.194747338149501
Synthetic seed 16,16.0,6,3,hour_aware,10220,2044,4.1198860039237655
Synthetic seed 16,16.0,8,1,price_only,6132,2044,4.125570757885631
Synthetic seed 16,16.0,8,1,hour_aware,6132,2044,4.093709828596539
Synthetic seed 16,16.0,8,2,price_only,8176,2044,4.1905620967516715
Synthetic seed 16,16.0,8,2,hour_aware,8176,2044,4.124762150801977
Synthetic seed 16,16.0,8,3,price_only,10220,2044,4.101467088404222
Synthetic seed 16,16.0,8,3,hour_aware,10220,2044,4.026429686423579
Synthetic seed 16,16.0,10,1,price_only,6132,2044,4.06079696940389
Synthetic seed 16,16.0,10,1,hour_aware,6132,2044,4.082396607657612
Synthetic seed 16,16.0,10,2,price_only,8176,2044,4.109860005747167
Synthetic seed 16,16.0,10,2,hour_aware,8176,2044,4.06721228964006
Synthetic seed 16,16.0,10,3,price_only,10220,2044,4.040949418324483
Synthetic seed 16,16.0,10,3,hour_aware,10220,2044,3.9885934649340964
Synthetic seed 16,16.0,12,1,price_only,6132,2044,4.000661840017259
Synthetic seed 16,16.0,12,1,hour_aware,6132,2044,4.0208825953219005
Synthetic seed 16,16.0,12,2,price_only,8176,2044,4.043854262459079
Synthetic seed 16,16.0,12,2,hour_aware,8176,2044,4.0157914429462105
Synthetic seed 16,16.0,12,3,price_only,10220,2044,4.001608492626872
Synthetic seed 16,16.0,12,3,hour_aware,10220,2044,3.9607750175442455
Synthetic seed 17,17.0,4,1,price_only,6132,2044,4.351306736620742
Synthetic seed 17,17.0,4,1,hour_aware,6132,2044,4.303313141630633
Synthetic seed 17,17.0,4,2,price_only,8176,2044,4.367931172169862
Synthetic seed 17,17.0,4,2,hour_aware,8176,2044,4.315767219175418
Synthetic seed 17,17.0,4,3,price_only,10220,2044,4.214618691074392
Synthetic seed 17,17.0,4,3,hour_aware,10220,2044,4.15311385962867
Synthetic seed 17,17.0,6,1,price_only,6132,2044,4.23544067805048
Synthetic seed 17,17.0,6,1,hour_aware,6132,2044,4.203819700060875
Synthetic seed 17,17.0,6,2,price_only,8176,2044,4.233740388237212
Synthetic seed 17,17.0,6,2,hour_aware,8176,2044,4.177736853394893
Synthetic seed 17,17.0,6,3,price_only,10220,2044,4.099599472978568
Synthetic seed 17,17.0,6,3,hour_aware,10220,2044,4.021084468572003
Synthetic seed 17,17.0,8,1,price_only,6132,2044,4.12932695203824
Synthetic seed 17,17.0,8,1,hour_aware,6132,2044,4.123551922123382
Synthetic seed 17,17.0,8,2,price_only,8176,2044,4.144470106036452
Synthetic seed 17,17.0,8,2,hour_aware,8176,2044,4.103058510278846
Synthetic seed 17,17.0,8,3,price_only,10220,2044,4.034225708748475
Synthetic seed 17,17.0,8,3,hour_aware,10220,2044,3.9733305245644273
Synthetic seed 17,17.0,10,1,price_only,6132,2044,4.079916639603959
Synthetic seed 17,17.0,10,1,hour_aware,6132,2044,4.107230234463162
Synthetic seed 17,17.0,10,2,price_only,8176,2044,4.086191003854911
Synthetic seed 17,17.0,10,2,hour_aware,8176,2044,4.076388135938537
Synthetic seed 17,17.0,10,3,price_only,10220,2044,3.978008742853006
Synthetic seed 17,17.0,10,3,hour_aware,10220,2044,3.933670023756165
Synthetic seed 17,17.0,12,1,price_only,6132,2044,4.022420908952722
Synthetic seed 17,17.0,12,1,hour_aware,6132,2044,4.096473693013248
Synthetic seed 17,17.0,12,2,price_only,8176,2044,4.01255293065716
Synthetic seed 17,17.0,12,2,hour_aware,8176,2044,4.027551397095417
Synthetic seed 17,17.0,12,3,price_only,10220,2044,3.943160873947961
Synthetic seed 17,17.0,12,3,hour_aware,10220,2044,3.9089378573357147
Synthetic seed 18,18.0,4,1,price_only,6132,2044,4.39746123497898
Synthetic seed 18,18.0,4,1,hour_aware,6132,2044,4.358873380801694
Synthetic seed 18,18.0,4,2,price_only,8176,2044,4.328971175969749
Synthetic seed 18,18.0,4,2,hour_aware,8176,2044,4.280814890991804
Synthetic seed 18,18.0,4,3,price_only,10220,2044,4.263472957611904
Synthetic seed 18,18.0,4,3,hour_aware,10220,2044,4.210145958367429
Synthetic seed 18,18.0,6,1,price_only,6132,2044,4.221026841812915
Synthetic seed 18,18.0,6,1,hour_aware,6132,2044,4.189290578093477
Synthetic seed 18,18.0,6,2,price_only,8176,2044,4.203295678836432
Synthetic seed 18,18.0,6,2,hour_aware,8176,2044,4.1526910828968076
Synthetic seed 18,18.0,6,3,price_only,10220,2044,4.126429383515626
Synthetic seed 18,18.0,6,3,hour_aware,10220,2044,4.070411547095136
Synthetic seed 18,18.0,8,1,price_only,6132,2044,4.131228480828515
Synthetic seed 18,18.0,8,1,hour_aware,6132,2044,4.11516469953007
Synthetic seed 18,18.0,8,2,price_only,8176,2044,4.101590430393969
Synthetic seed 18,18.0,8,2,hour_aware,8176,2044,4.062327946563229
Synthetic seed 18,18.0,8,3,price_only,10220,2044,4.0498652376657045
Synthetic seed 18,18.0,8,3,hour_aware,10220,2044,4.011582786194325
Synthetic seed 18,18.0,10,1,price_only,6132,2044,4.08194774722887
Synthetic seed 18,18.0,10,1,hour_aware,6132,2044,4.087854104219427
Synthetic seed 18,18.0,10,2,price_only,8176,2044,4.000753887519444
Synthetic seed 18,18.0,10,2,hour_aware,8176,2044,3.9741580407580774
Synthetic seed 18,18.0,10,3,price_only,10220,2044,4.006281161219317
Synthetic seed 18,18.0,10,3,hour_aware,10220,2044,3.9922949333771816
Synthetic seed 18,18.0,12,1,price_only,6132,2044,4.0100351600672495
Synthetic seed 18,18.0,12,1,hour_aware,6132,2044,4.04562792642103
Synthetic seed 18,18.0,12,2,price_only,8176,2044,3.963751078457384
Synthetic seed 18,18.0,12,2,hour_aware,8176,2044,3.975365807985089
Synthetic seed 18,18.0,12,3,price_only,10220,2044,3.9454988124349106
Synthetic seed 18,18.0,12,3,hour_aware,10220,2044,3.9578309903392186
Synthetic seed 19,19.0,4,1,price_only,6132,2044,4.498662318923365
Synthetic seed 19,19.0,4,1,hour_aware,6132,2044,4.457157904156158
Synthetic seed 19,19.0,4,2,price_only,8176,2044,4.489224849273838
Synthetic seed 19,19.0,4,2,hour_aware,8176,2044,4.429482729979604
Synthetic seed 19,19.0,4,3,price_only,10220,2044,4.3909129317081
Synthetic seed 19,19.0,4,3,hour_aware,10220,2044,4.3320155400637965
Synthetic seed 19,19.0,6,1,price_only,6132,2044,4.318545214472156
Synthetic seed 19,19.0,6,1,hour_aware,6132,2044,4.281542638637621
Synthetic seed 19,19.0,6,2,price_only,8176,2044,4.348418772373759
Synthetic seed 19,19.0,6,2,hour_aware,8176,2044,4.282276471308041
Synthetic seed 19,19.0,6,3,price_only,10220,2044,4.228668691484967
Synthetic seed 19,19.0,6,3,hour_aware,10220,2044,4.166019283113241
Synthetic seed 19,19.0,8,1,price_only,6132,2044,4.232838014571566
Synthetic seed 19,19.0,8,1,hour_aware,6132,2044,4.212340011308118
Synthetic seed 19,19.0,8,2,price_only,8176,2044,4.240281102494609
Synthetic seed 19,19.0,8,2,hour_aware,8176,2044,4.183988613626422
Synthetic seed 19,19.0,8,3,price_only,10220,2044,4.124965130155501
Synthetic seed 19,19.0,8,3,hour_aware,10220,2044,4.065704522843346
Synthetic seed 19,19.0,10,1,price_only,6132,2044,4.134758564362591
Synthetic seed 19,19.0,10,1,hour_aware,6132,2044,4.147973669997396
Synthetic seed 19,19.0,10,2,price_only,8176,2044,4.169883798024343
Synthetic seed 19,19.0,10,2,hour_aware,8176,2044,4.133199198451873
Synthetic seed 19,19.0,10,3,price_only,10220,2044,4.057676339336588
Synthetic seed 19,19.0,10,3,hour_aware,10220,2044,4.00849299917915
Synthetic seed 19,19.0,12,1,price_only,6132,2044,4.0691345434077375
Synthetic seed 19,19.0,12,1,hour_aware,6132,2044,4.123195125392221
Synthetic seed 19,19.0,12,2,price_only,8176,2044,4.095428528629553
Synthetic seed 19,19.0,12,2,hour_aware,8176,2044,4.0661272037278176
Synthetic seed 19,19.0,12,3,price_only,10220,2044,4.007786817399659
Synthetic seed 19,19.0,12,3,hour_aware,10220,2044,3.9696004817695796
Synthetic seed 20,20.0,4,1,price_only,6132,2044,4.50183059035508
Synthetic seed 20,20.0,4,1,hour_aware,6132,2044,4.462938860424748
Synthetic seed 20,20.0,4,2,price_only,8176,2044,4.389324123968256
Synthetic seed 20,20.0,4,2,hour_aware,8176,2044,4.343698767752386
Synthetic seed 20,20.0,4,3,price_only,10220,2044,4.267052567550978
Synthetic seed 20,20.0,4,3,hour_aware,10220,2044,4.201892144539195
Synthetic seed 20,20.0,6,1,price_only,6132,2044,4.313788747169117
Synthetic seed 20,20.0,6,1,hour_aware,6132,2044,4.279894030056625
Synthetic seed 20,20.0,6,2,price_only,8176,2044,4.253743891521321
Synthetic seed 20,20.0,6,2,hour_aware,8176,2044,4.225137566825417
Synthetic seed 20,20.0,6,3,price_only,10220,2044,4.106196861228212
Synthetic seed 20,20.0,6,3,hour_aware,10220,2044,4.038946320194539
Synthetic seed 20,20.0,8,1,price_only,6132,2044,4.194072451254739
Synthetic seed 20,20.0,8,1,hour_aware,6132,2044,4.184159148122561
Synthetic seed 20,20.0,8,2,price_only,8176,2044,4.15705935004284
Synthetic seed 20,20.0,8,2,hour_aware,8176,2044,4.128581735685998
Synthetic seed 20,20.0,8,3,price_only,10220,2044,4.020657253077714
Synthetic seed 20,20.0,8,3,hour_aware,10220,2044,3.9583368699113457
Synthetic seed 20,20.0,10,1,price_only,6132,2044,4.10539180490742
Synthetic seed 20,20.0,10,1,hour_aware,6132,2044,4.138951439410185
Synthetic seed 20,20.0,10,2,price_only,8176,2044,4.090098981997869
Synthetic seed 20,20.0,10,2,hour_aware,8176,2044,4.090264491680935
Synthetic seed 20,20.0,10,3,price_only,10220,2044,3.9795481630624616
Synthetic seed 20,20.0,10,3,hour_aware,10220,2044,3.9419002339741747
Synthetic seed 20,20.0,12,1,price_only,6132,2044,4.062548356134952
Synthetic seed 20,20.0,12,1,hour_aware,6132,2044,4.14307188675563
Synthetic seed 20,20.0,12,2,price_only,8176,2044,4.044316353276555
Synthetic seed 20,20.0,12,2,hour_aware,8176,2044,4.08884628206944
Synthetic seed 20,20.0,12,3,price_only,10220,2044,3.941319598057879
Synthetic seed 20,20.0,12,3,hour_aware,10220,2044,3.920346041227362
Synthetic seed 21,21.0,4,1,price_only,6132,2044,4.374910987520009
Synthetic seed 21,21.0,4,1,hour_aware,6132,2044,4.330935559989812
Synthetic seed 21,21.0,4,2,price_only,8176,2044,4.29882685584952
Synthetic seed 21,21.0,4,2,hour_aware,8176,2044,4.258629765602462
Synthetic seed 21,21.0,4,3,price_only,10220,2044,4.304643225250128
Synthetic seed 21,21.0,4,3,hour_aware,10220,2044,4.2494984211884885
Synthetic seed 21,21.0,6,1,price_only,6132,2044,4.231994152834969
Synthetic seed 21,21.0,6,1,hour_aware,6132,2044,4.186704027056094
Synthetic seed 21,21.0,6,2,price_only,8176,2044,4.151286607437765
Synthetic seed 21,21.0,6,2,hour_aware,8176,2044,4.122755683855765
Synthetic seed 21,21.0,6,3,price_only,10220,2044,4.144371216723399
Synthetic seed 21,21.0,6,3,hour_aware,10220,2044,4.078487214184643
Synthetic seed 21,21.0,8,1,price_only,6132,2044,4.16265131024272
Synthetic seed 21,21.0,8,1,hour_aware,6132,2044,4.134407007056108
Synthetic seed 21,21.0,8,2,price_only,8176,2044,4.064133728623632
Synthetic seed 21,21.0,8,2,hour_aware,8176,2044,4.040476845224791
Synthetic seed 21,21.0,8,3,price_only,10220,2044,4.070347685287229
Synthetic seed 21,21.0,8,3,hour_aware,10220,2044,4.006668115363816
Synthetic seed 21,21.0,10,1,price_only,6132,2044,4.06983330014548
Synthetic seed 21,21.0,10,1,hour_aware,6132,2044,4.069860853168839
Synthetic seed 21,21.0,10,2,price_only,8176,2044,3.9861957568724464
Synthetic seed 21,21.0,10,2,hour_aware,8176,2044,3.988304896112142
Synthetic seed 21,21.0,10,3,price_only,10220,2044,4.0314875780473605
Synthetic seed 21,21.0,10,3,hour_aware,10220,2044,3.982886905831959
Synthetic seed 21,21.0,12,1,price_only,6132,2044,4.0005671421954965
Synthetic seed 21,21.0,12,1,hour_aware,6132,2044,4.029569567684376
Synthetic seed 21,21.0,12,2,price_only,8176,2044,3.9440836713509517
Synthetic seed 21,21.0,12,2,hour_aware,8176,2044,3.985875184392669
Synthetic seed 21,21.0,12,3,price_only,10220,2044,3.966631078344647
Synthetic seed 21,21.0,12,3,hour_aware,10220,2044,3.9464821714890395
Synthetic seed 22,22.0,4,1,price_only,6132,2044,4.3038930661684525
Synthetic seed 22,22.0,4,1,hour_aware,6132,2044,4.246953312008907
Synthetic seed 22,22.0,4,2,price_only,8176,2044,4.50939781358772
Synthetic seed 22,22.0,4,2,hour_aware,8176,2044,4.474337500204806
Synthetic seed 22,22.0,4,3,price_only,10220,2044,4.344671485610867
Synthetic seed 22,22.0,4,3,hour_aware,10220,2044,4.2874365451143746
Synthetic seed 22,22.0,6,1,price_only,6132,2044,4.157156472953152
Synthetic seed 22,22.0,6,1,hour_aware,6132,2044,4.109011224113137
Synthetic seed 22,22.0,6,2,price_only,8176,2044,4.351543048190862
Synthetic seed 22,22.0,6,2,hour_aware,8176,2044,4.323080365361969
Synthetic seed 22,22.0,6,3,price_only,10220,2044,4.178278978503889
Synthetic seed 22,22.0,6,3,hour_aware,10220,2044,4.113808242905535
Synthetic seed 22,22.0,8,1,price_only,6132,2044,4.115099397159386
Synthetic seed 22,22.0,8,1,hour_aware,6132,2044,4.074207622063395
Synthetic seed 22,22.0,8,2,price_only,8176,2044,4.271801316977157
Synthetic seed 22,22.0,8,2,hour_aware,8176,2044,4.252930071304907
Synthetic seed 22,22.0,8,3,price_only,10220,2044,4.116369756962108
Synthetic seed 22,22.0,8,3,hour_aware,10220,2044,4.051998747169821
Synthetic seed 22,22.0,10,1,price_only,6132,2044,4.077749738654023
Synthetic seed 22,22.0,10,1,hour_aware,6132,2044,4.0577824230166115
Synthetic seed 22,22.0,10,2,price_only,8176,2044,4.20486784274208
Synthetic seed 22,22.0,10,2,hour_aware,8176,2044,4.215063315218759
Synthetic seed 22,22.0,10,3,price_only,10220,2044,4.056036005137378
Synthetic seed 22,22.0,10,3,hour_aware,10220,2044,4.015063945245827
Synthetic seed 22,22.0,12,1,price_only,6132,2044,3.9988128199189696
Synthetic seed 22,22.0,12,1,hour_aware,6132,2044,4.024627406310526
Synthetic seed 22,22.0,12,2,price_only,8176,2044,4.157077809467526
Synthetic seed 22,22.0,12,2,hour_aware,8176,2044,4.2082461218845495
Synthetic seed 22,22.0,12,3,price_only,10220,2044,3.998278239887663
Synthetic seed 22,22.0,12,3,hour_aware,10220,2044,3.966604113359063
Synthetic seed 23,23.0,4,1,price_only,6132,2044,4.349286470703385
Synthetic seed 23,23.0,4,1,hour_aware,6132,2044,4.282434517878124
Synthetic seed 23,23.0,4,2,price_only,8176,2044,4.414732014735949
Synthetic seed 23,23.0,4,2,hour_aware,8176,2044,4.37202028809142
Synthetic seed 23,23.0,4,3,price_only,10220,2044,4.380122454450368
Synthetic seed 23,23.0,4,3,hour_aware,10220,2044,4.315731345100119
Synthetic seed 23,23.0,6,1,price_only,6132,2044,4.175082973697589
Synthetic seed 23,23.0,6,1,hour_aware,6132,2044,4.1008924626443575
Synthetic seed 23,23.0,6,2,price_only,8176,2044,4.236907582101252
Synthetic seed 23,23.0,6,2,hour_aware,8176,2044,4.193583174228895
Synthetic seed 23,23.0,6,3,price_only,10220,2044,4.235213762124991
Synthetic seed 23,23.0,6,3,hour_aware,10220,2044,4.1693730612095425
Synthetic seed 23,23.0,8,1,price_only,6132,2044,4.065571194175093
Synthetic seed 23,23.0,8,1,hour_aware,6132,2044,4.00954993401969
Synthetic seed 23,23.0,8,2,price_only,8176,2044,4.153947188854993
Synthetic seed 23,23.0,8,2,hour_aware,8176,2044,4.132261675489309
Synthetic seed 23,23.0,8,3,price_only,10220,2044,4.128448053523399
Synthetic seed 23,23.0,8,3,hour_aware,10220,2044,4.081022192467792
Synthetic seed 23,23.0,10,1,price_only,6132,2044,4.003963756913532
Synthetic seed 23,23.0,10,1,hour_aware,6132,2044,3.9846308933352903
Synthetic seed 23,23.0,10,2,price_only,8176,2044,4.0928254410248135
Synthetic seed 23,23.0,10,2,hour_aware,8176,2044,4.099608676995382
Synthetic seed 23,23.0,10,3,price_only,10220,2044,4.0836722918203225
Synthetic seed 23,23.0,10,3,hour_aware,10220,2044,4.05967464005126
Synthetic seed 23,23.0,12,1,price_only,6132,2044,3.928536549061419
Synthetic seed 23,23.0,12,1,hour_aware,6132,2044,3.9457300663480708
Synthetic seed 23,23.0,12,2,price_only,8176,2044,4.03043199457885
Synthetic seed 23,23.0,12,2,hour_aware,8176,2044,4.069773527664621
Synthetic seed 23,23.0,12,3,price_only,10220,2044,4.037825809724299
Synthetic seed 23,23.0,12,3,hour_aware,10220,2044,4.029028466055847
Synthetic seed 24,24.0,4,1,price_only,6132,2044,4.512428768477831
Synthetic seed 24,24.0,4,1,hour_aware,6132,2044,4.472192463689176
Synthetic seed 24,24.0,4,2,price_only,8176,2044,4.442502898844001
Synthetic seed 24,24.0,4,2,hour_aware,8176,2044,4.396229247155026
Synthetic seed 24,24.0,4,3,price_only,10220,2044,4.340736043658832
Synthetic seed 24,24.0,4,3,hour_aware,10220,2044,4.277695515359829
Synthetic seed 24,24.0,6,1,price_only,6132,2044,4.351399636131099
Synthetic seed 24,24.0,6,1,hour_aware,6132,2044,4.309181557624831
Synthetic seed 24,24.0,6,2,price_only,8176,2044,4.276486825368896
Synthetic seed 24,24.0,6,2,hour_aware,8176,2044,4.2296741273527525
Synthetic seed 24,24.0,6,3,price_only,10220,2044,4.195142314131093
Synthetic seed 24,24.0,6,3,hour_aware,10220,2044,4.124649187470075
Synthetic seed 24,24.0,8,1,price_only,6132,2044,4.262374192589527
Synthetic seed 24,24.0,8,1,hour_aware,6132,2044,4.224813039886874
Synthetic seed 24,24.0,8,2,price_only,8176,2044,4.163808879250879
Synthetic seed 24,24.0,8,2,hour_aware,8176,2044,4.134111011896029
Synthetic seed 24,24.0,8,3,price_only,10220,2044,4.0953054074933855
Synthetic seed 24,24.0,8,3,hour_aware,10220,2044,4.02489280948627
Synthetic seed 24,24.0,10,1,price_only,6132,2044,4.182644417116423
Synthetic seed 24,24.0,10,1,hour_aware,6132,2044,4.174760034556866
Synthetic seed 24,24.0,10,2,price_only,8176,2044,4.095461937940812
Synthetic seed 24,24.0,10,2,hour_aware,8176,2044,4.097944494517437
Synthetic seed 24,24.0,10,3,price_only,10220,2044,4.061281779758681
Synthetic seed 24,24.0,10,3,hour_aware,10220,2044,4.0055677331878785
Synthetic seed 24,24.0,12,1,price_only,6132,2044,4.120147524625293
Synthetic seed 24,24.0,12,1,hour_aware,6132,2044,4.138369544371085
Synthetic seed 24,24.0,12,2,price_only,8176,2044,4.032484220423065
Synthetic seed 24,24.0,12,2,hour_aware,8176,2044,4.057051195934422
Synthetic seed 24,24.0,12,3,price_only,10220,2044,4.000857348713269
Synthetic seed 24,24.0,12,3,hour_aware,10220,2044,3.958601314557162
Synthetic seed 25,25.0,4,1,price_only,6132,2044,4.411851520677579
Synthetic seed 25,25.0,4,1,hour_aware,6132,2044,4.353395098434491
Synthetic seed 25,25.0,4,2,price_only,8176,2044,4.355648136969855
Synthetic seed 25,25.0,4,2,hour_aware,8176,2044,4.299348003417197
Synthetic seed 25,25.0,4,3,price_only,10220,2044,4.3740576247305665
Synthetic seed 25,25.0,4,3,hour_aware,10220,2044,4.3137134462559885
Synthetic seed 25,25.0,6,1,price_only,6132,2044,4.226940644651675
Synthetic seed 25,25.0,6,1,hour_aware,6132,2044,4.1795865617061425
Synthetic seed 25,25.0,6,2,price_only,8176,2044,4.163457001224087
Synthetic seed 25,25.0,6,2,hour_aware,8176,2044,4.102607726743949
Synthetic seed 25,25.0,6,3,price_only,10220,2044,4.24171918337614
Synthetic seed 25,25.0,6,3,hour_aware,10220,2044,4.173502658487394
Synthetic seed 25,25.0,8,1,price_only,6132,2044,4.09558880137935
Synthetic seed 25,25.0,8,1,hour_aware,6132,2044,4.057892633896169
Synthetic seed 25,25.0,8,2,price_only,8176,2044,4.046720182151445
Synthetic seed 25,25.0,8,2,hour_aware,8176,2044,3.9989288727111814
Synthetic seed 25,25.0,8,3,price_only,10220,2044,4.150183512746557
Synthetic seed 25,25.0,8,3,hour_aware,10220,2044,4.0889280127894425
Synthetic seed 25,25.0,10,1,price_only,6132,2044,4.028865409088138
Synthetic seed 25,25.0,10,1,hour_aware,6132,2044,4.0044699896654254
Synthetic seed 25,25.0,10,2,price_only,8176,2044,4.011234999731177
Synthetic seed 25,25.0,10,2,hour_aware,8176,2044,3.969171250861099
Synthetic seed 25,25.0,10,3,price_only,10220,2044,4.108930498549304
Synthetic seed 25,25.0,10,3,hour_aware,10220,2044,4.069826104091742
Synthetic seed 25,25.0,12,1,price_only,6132,2044,3.961536176718128
Synthetic seed 25,25.0,12,1,hour_aware,6132,2044,3.9800809886239406
Synthetic seed 25,25.0,12,2,price_only,8176,2044,3.9211247256857615
Synthetic seed 25,25.0,12,2,hour_aware,8176,2044,3.9123620684782447
Synthetic seed 25,25.0,12,3,price_only,10220,2044,4.038477702297893
Synthetic seed 25,25.0,12,3,hour_aware,10220,2044,4.012392312092519
Synthetic seed 26,26.0,4,1,price_only,6132,2044,4.472066507258262
Synthetic seed 26,26.0,4,1,hour_aware,6132,2044,4.435856321418082
Synthetic seed 26,26.0,4,2,price_only,8176,2044,4.505971923449082
Synthetic seed 26,26.0,4,2,hour_aware,8176,2044,4.451071029612147
Synthetic seed 26,26.0,4,3,price_only,10220,2044,4.3213610921078205
Synthetic seed 26,26.0,4,3,hour_aware,10220,2044,4.249815788926311
Synthetic seed 26,26.0,6,1,price_only,6132,2044,4.314920865459655
Synthetic seed 26,26.0,6,1,hour_aware,6132,2044,4.271408074716155
Synthetic seed 26,26.0,6,2,price_only,8176,2044,4.323098297035131
Synthetic seed 26,26.0,6,2,hour_aware,8176,2044,4.270443768595685
Synthetic seed 26,26.0,6,3,price_only,10220,2044,4.187705245117588
Synthetic seed 26,26.0,6,3,hour_aware,10220,2044,4.102502839403374
Synthetic seed 26,26.0,8,1,price_only,6132,2044,4.208688055917887
Synthetic seed 26,26.0,8,1,hour_aware,6132,2044,4.195468904663465
Synthetic seed 26,26.0,8,2,price_only,8176,2044,4.240893619133314
Synthetic seed 26,26.0,8,2,hour_aware,8176,2044,4.1982967896754895
Synthetic seed 26,26.0,8,3,price_only,10220,2044,4.080250255609078
Synthetic seed 26,26.0,8,3,hour_aware,10220,2044,3.9970297905111263
Synthetic seed 26,26.0,10,1,price_only,6132,2044,4.133241282209063
Synthetic seed 26,26.0,10,1,hour_aware,6132,2044,4.130174671289764
Synthetic seed 26,26.0,10,2,price_only,8176,2044,4.158333151972009
Synthetic seed 26,26.0,10,2,hour_aware,8176,2044,4.138888342075005
Synthetic seed 26,26.0,10,3,price_only,10220,2044,3.98937741674046
Synthetic seed 26,26.0,10,3,hour_aware,10220,2044,3.922517330023476
Synthetic seed 26,26.0,12,1,price_only,6132,2044,4.0827155610423205
Synthetic seed 26,26.0,12,1,hour_aware,6132,2044,4.126574442084474
Synthetic seed 26,26.0,12,2,price_only,8176,2044,4.1139870908862
Synthetic seed 26,26.0,12,2,hour_aware,8176,2044,4.112001048759579
Synthetic seed 26,26.0,12,3,price_only,10220,2044,3.9618021335203415
Synthetic seed 26,26.0,12,3,hour_aware,10220,2044,3.9221136474930076
Synthetic seed 27,27.0,4,1,price_only,6132,2044,4.312657821390239
Synthetic seed 27,27.0,4,1,hour_aware,6132,2044,4.269462688377568
Synthetic seed 27,27.0,4,2,price_only,8176,2044,4.417411264890487
Synthetic seed 27,27.0,4,2,hour_aware,8176,2044,4.367366914707924
Synthetic seed 27,27.0,4,3,price_only,10220,2044,4.2842203102955265
Synthetic seed 27,27.0,4,3,hour_aware,10220,2044,4.226471617915207
Synthetic seed 27,27.0,6,1,price_only,6132,2044,4.1435503707523385
Synthetic seed 27,27.0,6,1,hour_aware,6132,2044,4.093233407187573
Synthetic seed 27,27.0,6,2,price_only,8176,2044,4.268147646898867
Synthetic seed 27,27.0,6,2,hour_aware,8176,2044,4.223356209417791
Synthetic seed 27,27.0,6,3,price_only,10220,2044,4.121375731630732
Synthetic seed 27,27.0,6,3,hour_aware,10220,2044,4.056011701464888
Synthetic seed 27,27.0,8,1,price_only,6132,2044,4.03731945123712
Synthetic seed 27,27.0,8,1,hour_aware,6132,2044,4.0140761449874365
Synthetic seed 27,27.0,8,2,price_only,8176,2044,4.196311984627998
Synthetic seed 27,27.0,8,2,hour_aware,8176,2044,4.149818084205718
Synthetic seed 27,27.0,8,3,price_only,10220,2044,4.018702631841185
Synthetic seed 27,27.0,8,3,hour_aware,10220,2044,3.9694879935181437
Synthetic seed 27,27.0,10,1,price_only,6132,2044,3.976146104924745
Synthetic seed 27,27.0,10,1,hour_aware,6132,2044,3.971210434040141
Synthetic seed 27,27.0,10,2,price_only,8176,2044,4.134535929577179
Synthetic seed 27,27.0,10,2,hour_aware,8176,2044,4.112544128499805
Synthetic seed 27,27.0,10,3,price_only,10220,2044,3.9786741940348604
Synthetic seed 27,27.0,10,3,hour_aware,10220,2044,3.9306818974901003
Synthetic seed 27,27.0,12,1,price_only,6132,2044,3.9317339718541606
Synthetic seed 27,27.0,12,1,hour_aware,6132,2044,3.965556321729753
Synthetic seed 27,27.0,12,2,price_only,8176,2044,4.060817635016771
Synthetic seed 27,27.0,12,2,hour_aware,8176,2044,4.065034085433523
Synthetic seed 27,27.0,12,3,price_only,10220,2044,3.93877162370497
Synthetic seed 27,27.0,12,3,hour_aware,10220,2044,3.9274780231680526
Synthetic seed 28,28.0,4,1,price_only,6132,2044,4.39384733623755
Synthetic seed 28,28.0,4,1,hour_aware,6132,2044,4.346638889732437
Synthetic seed 28,28.0,4,2,price_only,8176,2044,4.595396830171043
Synthetic seed 28,28.0,4,2,hour_aware,8176,2044,4.542180610537673
Synthetic seed 28,28.0,4,3,price_only,10220,2044,4.292273409759872
Synthetic seed 28,28.0,4,3,hour_aware,10220,2044,4.229744902785517
Synthetic seed 28,28.0,6,1,price_only,6132,2044,4.2520976043306185
Synthetic seed 28,28.0,6,1,hour_aware,6132,2044,4.20793148182115
Synthetic seed 28,28.0,6,2,price_only,8176,2044,4.428079543547074
Synthetic seed 28,28.0,6,2,hour_aware,8176,2044,4.371358225793883
Synthetic seed 28,28.0,6,3,price_only,10220,2044,4.129618563697379
Synthetic seed 28,28.0,6,3,hour_aware,10220,2044,4.069471819692996
Synthetic seed 28,28.0,8,1,price_only,6132,2044,4.179273580321656
Synthetic seed 28,28.0,8,1,hour_aware,6132,2044,4.14855720526637
Synthetic seed 28,28.0,8,2,price_only,8176,2044,4.31521729311985
Synthetic seed 28,28.0,8,2,hour_aware,8176,2044,4.269521202586799
Synthetic seed 28,28.0,8,3,price_only,10220,2044,4.06076965867768
Synthetic seed 28,28.0,8,3,hour_aware,10220,2044,4.011848641921017
Synthetic seed 28,28.0,10,1,price_only,6132,2044,4.12945054556658
Synthetic seed 28,28.0,10,1,hour_aware,6132,2044,4.109313703024661
Synthetic seed 28,28.0,10,2,price_only,8176,2044,4.25662481774071
Synthetic seed 28,28.0,10,2,hour_aware,8176,2044,4.2296085880042025
Synthetic seed 28,28.0,10,3,price_only,10220,2044,3.9895475303831778
Synthetic seed 28,28.0,10,3,hour_aware,10220,2044,3.955174283956258
Synthetic seed 28,28.0,12,1,price_only,6132,2044,4.086961643162397
Synthetic seed 28,28.0,12,1,hour_aware,6132,2044,4.095708359812891
Synthetic seed 28,28.0,12,2,price_only,8176,2044,4.210407553339597
Synthetic seed 28,28.0,12,2,hour_aware,8176,2044,4.216077361457353
Synthetic seed 28,28.0,12,3,price_only,10220,2044,3.971992033007963
Synthetic seed 28,28.0,12,3,hour_aware,10220,2044,3.964163894641266
Synthetic seed 29,29.0,4,1,price_only,6132,2044,4.469688505836059
Synthetic seed 29,29.0,4,1,hour_aware,6132,2044,4.420252300009508
Synthetic seed 29,29.0,4,2,price_only,8176,2044,4.417682125454712
Synthetic seed 29,29.0,4,2,hour_aware,8176,2044,4.362303534258902
Synthetic seed 29,29.0,4,3,price_only,10220,2044,4.305993549177568
Synthetic seed 29,29.0,4,3,hour_aware,10220,2044,4.246302177307048
Synthetic seed 29,29.0,6,1,price_only,6132,2044,4.31790572655371
Synthetic seed 29,29.0,6,1,hour_aware,6132,2044,4.266903679063039
Synthetic seed 29,29.0,6,2,price_only,8176,2044,4.286329878546224
Synthetic seed 29,29.0,6,2,hour_aware,8176,2044,4.244336978659126
Synthetic seed 29,29.0,6,3,price_only,10220,2044,4.177347279694042
Synthetic seed 29,29.0,6,3,hour_aware,10220,2044,4.107868050429935
Synthetic seed 29,29.0,8,1,price_only,6132,2044,4.230988921566375
Synthetic seed 29,29.0,8,1,hour_aware,6132,2044,4.19366791873301
Synthetic seed 29,29.0,8,2,price_only,8176,2044,4.18337479399452
Synthetic seed 29,29.0,8,2,hour_aware,8176,2044,4.14520784166527
Synthetic seed 29,29.0,8,3,price_only,10220,2044,4.0768907524506774
Synthetic seed 29,29.0,8,3,hour_aware,10220,2044,4.034345490590219
Synthetic seed 29,29.0,10,1,price_only,6132,2044,4.165902971925819
Synthetic seed 29,29.0,10,1,hour_aware,6132,2044,4.162000390254617
Synthetic seed 29,29.0,10,2,price_only,8176,2044,4.12247012681554
Synthetic seed 29,29.0,10,2,hour_aware,8176,2044,4.101054589230876
Synthetic seed 29,29.0,10,3,price_only,10220,2044,4.042393950533855
Synthetic seed 29,29.0,10,3,hour_aware,10220,2044,4.0002185098695975
Synthetic seed 29,29.0,12,1,price_only,6132,2044,4.109224366398582
Synthetic seed 29,29.0,12,1,hour_aware,6132,2044,4.143794335272049
Synthetic seed 29,29.0,12,2,price_only,8176,2044,4.0766049362594305
Synthetic seed 29,29.0,12,2,hour_aware,8176,2044,4.09506528309769
Synthetic seed 29,29.0,12,3,price_only,10220,2044,4.0031434426426555
Synthetic seed 29,29.0,12,3,hour_aware,10220,2044,3.9932405054843083
DK1 historical,,4,1,price_only,17639,5879,3.2045257625282475
DK1 historical,,4,1,hour_aware,17639,5879,3.1595749152575423
DK1 historical,,4,2,price_only,23518,5880,3.4492901427820426
DK1 historical,,4,2,hour_aware,23518,5880,3.407989043435333
DK1 historical,,4,3,price_only,29398,5880,4.8448480698778384
DK1 historical,,4,3,hour_aware,29398,5880,4.846778202285824
DK1 historical,,6,1,price_only,17639,5879,2.838594718689418
DK1 historical,,6,1,hour_aware,17639,5879,2.766642029355701
DK1 historical,,6,2,price_only,23518,5880,3.309219222244209
DK1 historical,,6,2,hour_aware,23518,5880,3.250848872586051
DK1 historical,,6,3,price_only,29398,5880,4.447332327932844
DK1 historical,,6,3,hour_aware,29398,5880,4.45582028396277
DK1 historical,,8,1,price_only,17639,5879,2.749155585660059
DK1 historical,,8,1,hour_aware,17639,5879,2.661646814154088
DK1 historical,,8,2,price_only,23518,5880,3.1910677567164725
DK1 historical,,8,2,hour_aware,23518,5880,3.1274623166270756
DK1 historical,,8,3,price_only,29398,5880,4.230959772840724
DK1 historical,,8,3,hour_aware,29398,5880,4.286335679922538
DK1 historical,,10,1,price_only,17639,5879,2.668905694449437
DK1 historical,,10,1,hour_aware,17639,5879,2.5527445019889368
DK1 historical,,10,2,price_only,23518,5880,3.1001823673592597
DK1 historical,,10,2,hour_aware,23518,5880,3.031894779588816
DK1 historical,,10,3,price_only,29398,5880,4.109461699940887
DK1 historical,,10,3,hour_aware,29398,5880,4.225066762104351
DK1 historical,,12,1,price_only,17639,5879,2.5988671980871803
DK1 historical,,12,1,hour_aware,17639,5879,2.4803074684497886
DK1 historical,,12,2,price_only,23518,5880,3.0374596276104056
DK1 historical,,12,2,hour_aware,23518,5880,2.9572793666713264
DK1 historical,,12,3,price_only,29398,5880,4.00914831690604
DK1 historical,,12,3,hour_aware,29398,5880,4.381322072730706
DK2 historical,,4,1,price_only,17639,5879,3.054325023271912
DK2 historical,,4,1,hour_aware,17639,5879,2.995491903275852
DK2 historical,,4,2,price_only,23518,5880,3.572343878958621
DK2 historical,,4,2,hour_aware,23518,5880,3.5275412295017787
DK2 historical,,4,3,price_only,29398,5880,4.393338671272015
DK2 historical,,4,3,hour_aware,29398,5880,4.3968155840841705
DK2 historical,,6,1,price_only,17639,5879,2.871403629933616
DK2 historical,,6,1,hour_aware,17639,5879,2.7753343938908652
DK2 historical,,6,2,price_only,23518,5880,3.4244424627625953
DK2 historical,,6,2,hour_aware,23518,5880,3.349212998713931
DK2 historical,,6,3,price_only,29398,5880,4.2062458260222275
DK2 historical,,6,3,hour_aware,29398,5880,4.287387096739234
DK2 historical,,8,1,price_only,17639,5879,2.719934951897432
DK2 historical,,8,1,hour_aware,17639,5879,2.58895767520551
DK2 historical,,8,2,price_only,23518,5880,3.292151239476213
DK2 historical,,8,2,hour_aware,23518,5880,3.185657408858353
DK2 historical,,8,3,price_only,29398,5880,4.113262092170189
DK2 historical,,8,3,hour_aware,29398,5880,4.399477834569456
DK2 historical,,10,1,price_only,17639,5879,2.6469535868916902
DK2 historical,,10,1,hour_aware,17639,5879,2.4951396312478606
DK2 historical,,10,2,price_only,23518,5880,3.177140680683496
DK2 historical,,10,2,hour_aware,23518,5880,3.0525413452780485
DK2 historical,,10,3,price_only,29398,5880,4.040537661233839
DK2 historical,,10,3,hour_aware,29398,5880,4.383371641976153
DK2 historical,,12,1,price_only,17639,5879,2.5770463780334305
DK2 historical,,12,1,hour_aware,17639,5879,2.415163335439983
DK2 historical,,12,2,price_only,23518,5880,3.096005232526258
DK2 historical,,12,2,hour_aware,23518,5880,2.9565603603388917
DK2 historical,,12,3,price_only,29398,5880,3.979980148268968
DK2 historical,,12,3,hour_aware,29398,5880,4.350931256562712
